[
  {
		"name": "Blackadder Clan",
    		"uniqueTo": "Colziand",
		"cityStrength": 7,
		"cityHealth": 25,
		"hurryCostModifier": 25,
		"requiredBuilding": "Castle",
		"requiredTech": "Chivalry",
		"uniques": ["Destroyed when the city is captured","[+50]% Production when constructing [Military] units [in all cities]",
               "[1] free [Raymond Sheen Caballero] units appear","[-50]% maintenance costs <for [All] units>",
                "Limited to [1] per Civilization","[1] free [Knivex] units appear"]
	}
]
